,model_type,clf,date,parameters,train_set_size,validation_set_size,baseline,precision_at_5,precision_at_10,precision_at_20,precision_at_30,precision_at_40,precision_at_50,recall_at_5,recall_at_10,recall_at_20,recall_at_30,recall_at_40,recall_at_50,auc-roc
0,RF,"RandomForestClassifier(bootstrap=True, class_weight=None, criterion='gini',
            max_depth=50, max_features='auto', max_leaf_nodes=None,
            min_impurity_decrease=0.0, min_impurity_split=None,
            min_samples_leaf=1, min_samples_split=10,
            min_weight_fraction_leaf=0.0, n_estimators=1000, n_jobs=-1,
            oob_score=False, random_state=None, verbose=0,
            warm_start=False)",April,"{'max_depth': 5, 'min_samples_split': 2, 'n_estimators': 100}",71211,5736,0.34309623430962344,0.5944055944055944,0.5619546247818499,0.5248474280732345,0.4965116279069767,0.4803836094158675,0.46513249651324967,0.08638211382113821,0.16361788617886178,0.30589430894308944,0.4339430894308943,0.5599593495934959,0.6778455284552846,0.6759043043256865
1,RF,"RandomForestClassifier(bootstrap=True, class_weight=None, criterion='gini',
            max_depth=50, max_features='auto', max_leaf_nodes=None,
            min_impurity_decrease=0.0, min_impurity_split=None,
            min_samples_leaf=1, min_samples_split=10,
            min_weight_fraction_leaf=0.0, n_estimators=1000, n_jobs=-1,
            oob_score=False, random_state=None, verbose=0,
            warm_start=False)",May,"{'max_depth': 5, 'min_samples_split': 2, 'n_estimators': 100}",74857,6484,0.3431523750771129,0.6450617283950617,0.5987654320987654,0.5501543209876543,0.49922879177377893,0.4751253374469726,0.459901295496607,0.09393258426966292,0.17438202247191012,0.3204494382022472,0.43640449438202245,0.5537078651685393,0.6701123595505618,0.6789278487591379
2,RF,"RandomForestClassifier(bootstrap=True, class_weight=None, criterion='gini',
            max_depth=50, max_features='auto', max_leaf_nodes=None,
            min_impurity_decrease=0.0, min_impurity_split=None,
            min_samples_leaf=1, min_samples_split=10,
            min_weight_fraction_leaf=0.0, n_estimators=1000, n_jobs=-1,
            oob_score=False, random_state=None, verbose=0,
            warm_start=False)",June,"{'max_depth': 5, 'min_samples_split': 2, 'n_estimators': 100}",80726,9618,0.3018299022665835,0.59375,0.5660770031217481,0.5039001560062403,0.4703639514731369,0.4424226670132571,0.4181742566022042,0.09817430244574578,0.18739235273854632,0.33379262831553563,0.4674474681364106,0.5862900447812608,0.6927316569066483,0.6881228728644643
3,RF,"RandomForestClassifier(bootstrap=True, class_weight=None, criterion='gini',
            max_depth=50, max_features='auto', max_leaf_nodes=None,
            min_impurity_decrease=0.0, min_impurity_split=None,
            min_samples_leaf=1, min_samples_split=10,
            min_weight_fraction_leaf=0.0, n_estimators=1000, n_jobs=-1,
            oob_score=False, random_state=None, verbose=0,
            warm_start=False)",April,"{'max_depth': 5, 'min_samples_split': 2, 'n_estimators': 1000}",71211,5736,0.34309623430962344,0.5909090909090909,0.5619546247818499,0.5231037489102005,0.4965116279069767,0.47951176983435045,0.4605997210599721,0.0858739837398374,0.16361788617886178,0.3048780487804878,0.4339430894308943,0.5589430894308943,0.671239837398374,0.6726857425819481
4,RF,"RandomForestClassifier(bootstrap=True, class_weight=None, criterion='gini',
            max_depth=50, max_features='auto', max_leaf_nodes=None,
            min_impurity_decrease=0.0, min_impurity_split=None,
            min_samples_leaf=1, min_samples_split=10,
            min_weight_fraction_leaf=0.0, n_estimators=1000, n_jobs=-1,
            oob_score=False, random_state=None, verbose=0,
            warm_start=False)",May,"{'max_depth': 5, 'min_samples_split': 2, 'n_estimators': 1000}",74857,6484,0.3431523750771129,0.6358024691358025,0.6157407407407407,0.5385802469135802,0.49922879177377893,0.47898187427689937,0.4577421344848859,0.09258426966292135,0.1793258426966292,0.3137078651685393,0.43640449438202245,0.5582022471910112,0.6669662921348315,0.6761814109447014
5,RF,"RandomForestClassifier(bootstrap=True, class_weight=None, criterion='gini',
            max_depth=50, max_features='auto', max_leaf_nodes=None,
            min_impurity_decrease=0.0, min_impurity_split=None,
            min_samples_leaf=1, min_samples_split=10,
            min_weight_fraction_leaf=0.0, n_estimators=1000, n_jobs=-1,
            oob_score=False, random_state=None, verbose=0,
            warm_start=False)",June,"{'max_depth': 5, 'min_samples_split': 2, 'n_estimators': 1000}",80726,9618,0.3018299022665835,0.58125,0.5764828303850156,0.5085803432137286,0.4682842287694974,0.4424226670132571,0.41755042628405076,0.09610747502583535,0.19083706510506374,0.3368928694454013,0.46538064071650015,0.5862900447812608,0.691698243196693,0.6888330786776922
6,RF,"RandomForestClassifier(bootstrap=True, class_weight=None, criterion='gini',
            max_depth=50, max_features='auto', max_leaf_nodes=None,
            min_impurity_decrease=0.0, min_impurity_split=None,
            min_samples_leaf=1, min_samples_split=10,
            min_weight_fraction_leaf=0.0, n_estimators=1000, n_jobs=-1,
            oob_score=False, random_state=None, verbose=0,
            warm_start=False)",April,"{'max_depth': 5, 'min_samples_split': 10, 'n_estimators': 100}",71211,5736,0.34309623430962344,0.6013986013986014,0.5427574171029669,0.5170008718395815,0.502906976744186,0.4803836094158675,0.45781032078103207,0.08739837398373984,0.15802845528455284,0.3013211382113821,0.43953252032520324,0.5599593495934959,0.6671747967479674,0.6711071410077158
7,RF,"RandomForestClassifier(bootstrap=True, class_weight=None, criterion='gini',
            max_depth=50, max_features='auto', max_leaf_nodes=None,
            min_impurity_decrease=0.0, min_impurity_split=None,
            min_samples_leaf=1, min_samples_split=10,
            min_weight_fraction_leaf=0.0, n_estimators=1000, n_jobs=-1,
            oob_score=False, random_state=None, verbose=0,
            warm_start=False)",May,"{'max_depth': 5, 'min_samples_split': 10, 'n_estimators': 100}",74857,6484,0.3431523750771129,0.6481481481481481,0.5879629629629629,0.5339506172839507,0.49460154241645243,0.47589664481295796,0.4608266502159161,0.09438202247191012,0.17123595505617978,0.3110112359550562,0.43235955056179776,0.5546067415730337,0.6714606741573034,0.6783781601948022
8,RF,"RandomForestClassifier(bootstrap=True, class_weight=None, criterion='gini',
            max_depth=50, max_features='auto', max_leaf_nodes=None,
            min_impurity_decrease=0.0, min_impurity_split=None,
            min_samples_leaf=1, min_samples_split=10,
            min_weight_fraction_leaf=0.0, n_estimators=1000, n_jobs=-1,
            oob_score=False, random_state=None, verbose=0,
            warm_start=False)",June,"{'max_depth': 5, 'min_samples_split': 10, 'n_estimators': 100}",80726,9618,0.3018299022665835,0.5791666666666667,0.5691987513007284,0.5065002600104004,0.47001733102253035,0.4439823238887445,0.41401538781451447,0.0957630037891836,0.18842576644850156,0.33551498449879436,0.46710299689975887,0.5883568722011712,0.6858422321736135,0.6869833220005801
9,RF,"RandomForestClassifier(bootstrap=True, class_weight=None, criterion='gini',
            max_depth=50, max_features='auto', max_leaf_nodes=None,
            min_impurity_decrease=0.0, min_impurity_split=None,
            min_samples_leaf=1, min_samples_split=10,
            min_weight_fraction_leaf=0.0, n_estimators=1000, n_jobs=-1,
            oob_score=False, random_state=None, verbose=0,
            warm_start=False)",April,"{'max_depth': 5, 'min_samples_split': 10, 'n_estimators': 1000}",71211,5736,0.34309623430962344,0.5909090909090909,0.5636998254799301,0.5265911072362686,0.49767441860465117,0.48256320836966,0.4602510460251046,0.0858739837398374,0.1641260162601626,0.30691056910569103,0.4349593495934959,0.5625,0.6707317073170732,0.673497159434174
10,RF,"RandomForestClassifier(bootstrap=True, class_weight=None, criterion='gini',
            max_depth=50, max_features='auto', max_leaf_nodes=None,
            min_impurity_decrease=0.0, min_impurity_split=None,
            min_samples_leaf=1, min_samples_split=10,
            min_weight_fraction_leaf=0.0, n_estimators=1000, n_jobs=-1,
            oob_score=False, random_state=None, verbose=0,
            warm_start=False)",May,"{'max_depth': 5, 'min_samples_split': 10, 'n_estimators': 1000}",74857,6484,0.3431523750771129,0.6296296296296297,0.6111111111111112,0.5416666666666666,0.49922879177377893,0.47435403008098725,0.4577421344848859,0.09168539325842696,0.17797752808988765,0.3155056179775281,0.43640449438202245,0.5528089887640449,0.6669662921348315,0.6769866324056658
11,RF,"RandomForestClassifier(bootstrap=True, class_weight=None, criterion='gini',
            max_depth=50, max_features='auto', max_leaf_nodes=None,
            min_impurity_decrease=0.0, min_impurity_split=None,
            min_samples_leaf=1, min_samples_split=10,
            min_weight_fraction_leaf=0.0, n_estimators=1000, n_jobs=-1,
            oob_score=False, random_state=None, verbose=0,
            warm_start=False)",June,"{'max_depth': 5, 'min_samples_split': 10, 'n_estimators': 1000}",80726,9618,0.3018299022665835,0.5770833333333333,0.5691987513007284,0.5096203848153926,0.4703639514731369,0.4424226670132571,0.41692659596589726,0.09541853255253187,0.18842576644850156,0.3375818119187048,0.4674474681364106,0.5862900447812608,0.6906648294867379,0.6886450943371545
12,RF,"RandomForestClassifier(bootstrap=True, class_weight=None, criterion='gini',
            max_depth=50, max_features='auto', max_leaf_nodes=None,
            min_impurity_decrease=0.0, min_impurity_split=None,
            min_samples_leaf=1, min_samples_split=10,
            min_weight_fraction_leaf=0.0, n_estimators=1000, n_jobs=-1,
            oob_score=False, random_state=None, verbose=0,
            warm_start=False)",April,"{'max_depth': 50, 'min_samples_split': 2, 'n_estimators': 100}",71211,5736,0.34309623430962344,1.0,1.0,0.999128160418483,0.9994186046511628,0.8504795117698344,0.6820083682008368,0.14532520325203252,0.29115853658536583,0.5823170731707317,0.8734756097560976,0.9913617886178862,0.9939024390243902,0.9961634695467176
13,RF,"RandomForestClassifier(bootstrap=True, class_weight=None, criterion='gini',
            max_depth=50, max_features='auto', max_leaf_nodes=None,
            min_impurity_decrease=0.0, min_impurity_split=None,
            min_samples_leaf=1, min_samples_split=10,
            min_weight_fraction_leaf=0.0, n_estimators=1000, n_jobs=-1,
            oob_score=False, random_state=None, verbose=0,
            warm_start=False)",May,"{'max_depth': 50, 'min_samples_split': 2, 'n_estimators': 100}",74857,6484,0.3431523750771129,1.0,1.0,1.0,0.9989717223650385,0.8565368299267258,0.6850709438618137,0.1456179775280899,0.2912359550561798,0.5824719101123595,0.8732584269662922,0.9982022471910112,0.9982022471910112,0.9990016119202957
14,RF,"RandomForestClassifier(bootstrap=True, class_weight=None, criterion='gini',
            max_depth=50, max_features='auto', max_leaf_nodes=None,
            min_impurity_decrease=0.0, min_impurity_split=None,
            min_samples_leaf=1, min_samples_split=10,
            min_weight_fraction_leaf=0.0, n_estimators=1000, n_jobs=-1,
            oob_score=False, random_state=None, verbose=0,
            warm_start=False)",June,"{'max_depth': 50, 'min_samples_split': 2, 'n_estimators': 100}",80726,9618,0.3018299022665835,1.0,1.0,0.999479979199168,0.9927209705372617,0.7530543280478295,0.603243917654398,0.165346193592835,0.3310368584223217,0.6620737168446434,0.9865656217705822,0.9979331725800895,0.9993110575266965,0.9989753840290002
15,RF,"RandomForestClassifier(bootstrap=True, class_weight=None, criterion='gini',
            max_depth=50, max_features='auto', max_leaf_nodes=None,
            min_impurity_decrease=0.0, min_impurity_split=None,
            min_samples_leaf=1, min_samples_split=10,
            min_weight_fraction_leaf=0.0, n_estimators=1000, n_jobs=-1,
            oob_score=False, random_state=None, verbose=0,
            warm_start=False)",April,"{'max_depth': 50, 'min_samples_split': 2, 'n_estimators': 1000}",71211,5736,0.34309623430962344,1.0,0.9982547993019197,0.999128160418483,0.9994186046511628,0.8500435919790759,0.6823570432357043,0.14532520325203252,0.29065040650406504,0.5823170731707317,0.8734756097560976,0.9908536585365854,0.994410569105691,0.9962621152883503
16,RF,"RandomForestClassifier(bootstrap=True, class_weight=None, criterion='gini',
            max_depth=50, max_features='auto', max_leaf_nodes=None,
            min_impurity_decrease=0.0, min_impurity_split=None,
            min_samples_leaf=1, min_samples_split=10,
            min_weight_fraction_leaf=0.0, n_estimators=1000, n_jobs=-1,
            oob_score=False, random_state=None, verbose=0,
            warm_start=False)",May,"{'max_depth': 50, 'min_samples_split': 2, 'n_estimators': 1000}",74857,6484,0.3431523750771129,1.0,1.0,1.0,0.9989717223650385,0.8565368299267258,0.6850709438618137,0.1456179775280899,0.2912359550561798,0.5824719101123595,0.8732584269662922,0.9982022471910112,0.9982022471910112,0.9988903340183775
17,RF,"RandomForestClassifier(bootstrap=True, class_weight=None, criterion='gini',
            max_depth=50, max_features='auto', max_leaf_nodes=None,
            min_impurity_decrease=0.0, min_impurity_split=None,
            min_samples_leaf=1, min_samples_split=10,
            min_weight_fraction_leaf=0.0, n_estimators=1000, n_jobs=-1,
            oob_score=False, random_state=None, verbose=0,
            warm_start=False)",June,"{'max_depth': 50, 'min_samples_split': 2, 'n_estimators': 1000}",80726,9618,0.3018299022665835,1.0,1.0,1.0,0.9923743500866551,0.7530543280478295,0.6028280307756291,0.165346193592835,0.3310368584223217,0.6624181880812953,0.9862211505339304,0.9979331725800895,0.998622115053393,0.9989804882565575
18,RF,"RandomForestClassifier(bootstrap=True, class_weight=None, criterion='gini',
            max_depth=50, max_features='auto', max_leaf_nodes=None,
            min_impurity_decrease=0.0, min_impurity_split=None,
            min_samples_leaf=1, min_samples_split=10,
            min_weight_fraction_leaf=0.0, n_estimators=1000, n_jobs=-1,
            oob_score=False, random_state=None, verbose=0,
            warm_start=False)",April,"{'max_depth': 50, 'min_samples_split': 10, 'n_estimators': 100}",71211,5736,0.34309623430962344,1.0,1.0,0.980819529206626,0.922093023255814,0.7955536181342633,0.6698047419804742,0.14532520325203252,0.29115853658536583,0.5716463414634146,0.8058943089430894,0.9273373983739838,0.9761178861788617,0.9686968675021145
19,RF,"RandomForestClassifier(bootstrap=True, class_weight=None, criterion='gini',
            max_depth=50, max_features='auto', max_leaf_nodes=None,
            min_impurity_decrease=0.0, min_impurity_split=None,
            min_samples_leaf=1, min_samples_split=10,
            min_weight_fraction_leaf=0.0, n_estimators=1000, n_jobs=-1,
            oob_score=False, random_state=None, verbose=0,
            warm_start=False)",May,"{'max_depth': 50, 'min_samples_split': 10, 'n_estimators': 100}",74857,6484,0.3431523750771129,0.9969135802469136,0.9953703703703703,0.9837962962962963,0.9290488431876607,0.8083301195526418,0.6736582356570019,0.1451685393258427,0.2898876404494382,0.5730337078651685,0.8121348314606741,0.9420224719101123,0.9815730337078652,0.9741703886812065
20,RF,"RandomForestClassifier(bootstrap=True, class_weight=None, criterion='gini',
            max_depth=50, max_features='auto', max_leaf_nodes=None,
            min_impurity_decrease=0.0, min_impurity_split=None,
            min_samples_leaf=1, min_samples_split=10,
            min_weight_fraction_leaf=0.0, n_estimators=1000, n_jobs=-1,
            oob_score=False, random_state=None, verbose=0,
            warm_start=False)",June,"{'max_depth': 50, 'min_samples_split': 10, 'n_estimators': 100}",80726,9618,0.3018299022665835,1.0,0.9906347554630593,0.9615184607384295,0.8696707105719237,0.7262802183519625,0.5980453316697858,0.165346193592835,0.3279366172924561,0.6369273165690665,0.8642783327592146,0.9624526352049604,0.990699276610403,0.9739341205813485
21,RF,"RandomForestClassifier(bootstrap=True, class_weight=None, criterion='gini',
            max_depth=50, max_features='auto', max_leaf_nodes=None,
            min_impurity_decrease=0.0, min_impurity_split=None,
            min_samples_leaf=1, min_samples_split=10,
            min_weight_fraction_leaf=0.0, n_estimators=1000, n_jobs=-1,
            oob_score=False, random_state=None, verbose=0,
            warm_start=False)",April,"{'max_depth': 50, 'min_samples_split': 10, 'n_estimators': 1000}",71211,5736,0.34309623430962344,1.0,0.9982547993019197,0.987794245858762,0.9284883720930233,0.8034001743679163,0.6722454672245467,0.14532520325203252,0.29065040650406504,0.5757113821138211,0.8114837398373984,0.9364837398373984,0.9796747967479674,0.9722997633041618
22,RF,"RandomForestClassifier(bootstrap=True, class_weight=None, criterion='gini',
            max_depth=50, max_features='auto', max_leaf_nodes=None,
            min_impurity_decrease=0.0, min_impurity_split=None,
            min_samples_leaf=1, min_samples_split=10,
            min_weight_fraction_leaf=0.0, n_estimators=1000, n_jobs=-1,
            oob_score=False, random_state=None, verbose=0,
            warm_start=False)",May,"{'max_depth': 50, 'min_samples_split': 10, 'n_estimators': 1000}",74857,6484,0.3431523750771129,1.0,0.9953703703703703,0.9876543209876543,0.9352185089974293,0.8110296953335905,0.675817396668723,0.1456179775280899,0.2898876404494382,0.5752808988764045,0.8175280898876405,0.9451685393258427,0.9847191011235955,0.9770361771898768
23,RF,"RandomForestClassifier(bootstrap=True, class_weight=None, criterion='gini',
            max_depth=50, max_features='auto', max_leaf_nodes=None,
            min_impurity_decrease=0.0, min_impurity_split=None,
            min_samples_leaf=1, min_samples_split=10,
            min_weight_fraction_leaf=0.0, n_estimators=1000, n_jobs=-1,
            oob_score=False, random_state=None, verbose=0,
            warm_start=False)",June,"{'max_depth': 50, 'min_samples_split': 10, 'n_estimators': 1000}",80726,9618,0.3018299022665835,0.9979166666666667,0.991675338189386,0.9698387935517421,0.8783362218370884,0.7283597608526124,0.5997088791848617,0.16500172235618327,0.3282810885291078,0.6424388563554944,0.8728901136755081,0.9652084050981743,0.9934550465036169,0.9763220269990553
24,LR,"LogisticRegression(C=10, class_weight=None, dual=False, fit_intercept=True,
          intercept_scaling=1, max_iter=100, multi_class='warn',
          n_jobs=None, penalty='l2', random_state=None, solver='warn',
          tol=0.0001, verbose=0, warm_start=False)",April,"{'C': 0.01, 'penalty': 'l1'}",71211,5736,0.34309623430962344,0.6048951048951049,0.5410122164048866,0.4952048823016565,0.4744186046511628,0.44812554489973844,0.42677824267782427,0.08790650406504065,0.15752032520325204,0.2886178861788618,0.4146341463414634,0.5223577235772358,0.6219512195121951,0.626219754932422
25,LR,"LogisticRegression(C=10, class_weight=None, dual=False, fit_intercept=True,
          intercept_scaling=1, max_iter=100, multi_class='warn',
          n_jobs=None, penalty='l2', random_state=None, solver='warn',
          tol=0.0001, verbose=0, warm_start=False)",May,"{'C': 0.01, 'penalty': 'l1'}",74857,6484,0.3431523750771129,0.5679012345679012,0.5138888888888888,0.4868827160493827,0.4652956298200514,0.4496721943694562,0.43460826650215917,0.08269662921348314,0.1496629213483146,0.28359550561797753,0.4067415730337079,0.5240449438202247,0.6332584269662921,0.6272155989563409
26,LR,"LogisticRegression(C=10, class_weight=None, dual=False, fit_intercept=True,
          intercept_scaling=1, max_iter=100, multi_class='warn',
          n_jobs=None, penalty='l2', random_state=None, solver='warn',
          tol=0.0001, verbose=0, warm_start=False)",June,"{'C': 0.01, 'penalty': 'l1'}",80726,9618,0.3018299022665835,0.47708333333333336,0.4713839750260146,0.45605824232969316,0.43535528596187173,0.40966987262802185,0.39030983572468286,0.07888391319324836,0.15604547020323803,0.3021012745435756,0.43265587323458493,0.5428866689631415,0.6465725111953152,0.6366322460473657
27,LR,"LogisticRegression(C=10, class_weight=None, dual=False, fit_intercept=True,
          intercept_scaling=1, max_iter=100, multi_class='warn',
          n_jobs=None, penalty='l2', random_state=None, solver='warn',
          tol=0.0001, verbose=0, warm_start=False)",April,"{'C': 0.01, 'penalty': 'l2'}",71211,5736,0.34309623430962344,0.6363636363636364,0.5654450261780105,0.5143853530950305,0.46918604651162793,0.4455100261551874,0.4285216178521618,0.09247967479674797,0.16463414634146342,0.2997967479674797,0.4100609756097561,0.5193089430894309,0.6244918699186992,0.6336525059120017
28,LR,"LogisticRegression(C=10, class_weight=None, dual=False, fit_intercept=True,
          intercept_scaling=1, max_iter=100, multi_class='warn',
          n_jobs=None, penalty='l2', random_state=None, solver='warn',
          tol=0.0001, verbose=0, warm_start=False)",May,"{'C': 0.01, 'penalty': 'l2'}",74857,6484,0.3431523750771129,0.5895061728395061,0.5709876543209876,0.5262345679012346,0.47917737789203085,0.45969919012726573,0.4420111042566317,0.08584269662921348,0.1662921348314607,0.30651685393258427,0.418876404494382,0.5357303370786517,0.6440449438202247,0.6415698679069571
29,LR,"LogisticRegression(C=10, class_weight=None, dual=False, fit_intercept=True,
          intercept_scaling=1, max_iter=100, multi_class='warn',
          n_jobs=None, penalty='l2', random_state=None, solver='warn',
          tol=0.0001, verbose=0, warm_start=False)",June,"{'C': 0.01, 'penalty': 'l2'}",80726,9618,0.3018299022665835,0.5083333333333333,0.5244536940686785,0.484659386375455,0.4495667244367418,0.42578632700805824,0.4017467248908297,0.08405098174302446,0.17361350327247674,0.32104719255942127,0.44677919393730625,0.5642438856355494,0.6655184292111609,0.6549849450936447
30,LR,"LogisticRegression(C=10, class_weight=None, dual=False, fit_intercept=True,
          intercept_scaling=1, max_iter=100, multi_class='warn',
          n_jobs=None, penalty='l2', random_state=None, solver='warn',
          tol=0.0001, verbose=0, warm_start=False)",April,"{'C': 1, 'penalty': 'l1'}",71211,5736,0.34309623430962344,0.6328671328671329,0.6055846422338569,0.5222319093286836,0.48023255813953486,0.4489973844812554,0.4306136680613668,0.09197154471544715,0.17632113821138212,0.304369918699187,0.41971544715447157,0.5233739837398373,0.6275406504065041,0.6409804752904217
31,LR,"LogisticRegression(C=10, class_weight=None, dual=False, fit_intercept=True,
          intercept_scaling=1, max_iter=100, multi_class='warn',
          n_jobs=None, penalty='l2', random_state=None, solver='warn',
          tol=0.0001, verbose=0, warm_start=False)",May,"{'C': 1, 'penalty': 'l1'}",74857,6484,0.3431523750771129,0.5833333333333334,0.5864197530864198,0.5339506172839507,0.49408740359897174,0.4658696490551485,0.44509561998766195,0.08494382022471911,0.1707865168539326,0.3110112359550562,0.43191011235955057,0.5429213483146067,0.6485393258426966,0.6474660665715167
32,LR,"LogisticRegression(C=10, class_weight=None, dual=False, fit_intercept=True,
          intercept_scaling=1, max_iter=100, multi_class='warn',
          n_jobs=None, penalty='l2', random_state=None, solver='warn',
          tol=0.0001, verbose=0, warm_start=False)",June,"{'C': 1, 'penalty': 'l1'}",80726,9618,0.3018299022665835,0.5020833333333333,0.5317377731529657,0.4971398855954238,0.4582322357019064,0.4328047829477515,0.40257849864836764,0.08301756803306924,0.17602480192903894,0.32931450223906306,0.45539097485359975,0.5735446090251464,0.6668963141577678,0.6599720062615279
33,LR,"LogisticRegression(C=10, class_weight=None, dual=False, fit_intercept=True,
          intercept_scaling=1, max_iter=100, multi_class='warn',
          n_jobs=None, penalty='l2', random_state=None, solver='warn',
          tol=0.0001, verbose=0, warm_start=False)",April,"{'C': 1, 'penalty': 'l2'}",71211,5736,0.34309623430962344,0.6258741258741258,0.6003490401396161,0.5204882301656495,0.4755813953488372,0.44681778552746293,0.4299163179916318,0.09095528455284553,0.17479674796747968,0.30335365853658536,0.41565040650406504,0.5208333333333334,0.6265243902439024,0.6390888774532648
34,LR,"LogisticRegression(C=10, class_weight=None, dual=False, fit_intercept=True,
          intercept_scaling=1, max_iter=100, multi_class='warn',
          n_jobs=None, penalty='l2', random_state=None, solver='warn',
          tol=0.0001, verbose=0, warm_start=False)",May,"{'C': 1, 'penalty': 'l2'}",74857,6484,0.3431523750771129,0.5833333333333334,0.5848765432098766,0.5347222222222222,0.493573264781491,0.4681835711531045,0.44540407156076495,0.08494382022471911,0.1703370786516854,0.3114606741573034,0.4314606741573034,0.5456179775280899,0.6489887640449438,0.6474570968022773
35,LR,"LogisticRegression(C=10, class_weight=None, dual=False, fit_intercept=True,
          intercept_scaling=1, max_iter=100, multi_class='warn',
          n_jobs=None, penalty='l2', random_state=None, solver='warn',
          tol=0.0001, verbose=0, warm_start=False)",June,"{'C': 1, 'penalty': 'l2'}",80726,9618,0.3018299022665835,0.5,0.5369406867845994,0.4960998439937597,0.4558058925476603,0.43150506888484536,0.4015387814514452,0.0826730967964175,0.17774715811229763,0.3286255597657596,0.45297967619703755,0.5718222528418877,0.6651739579745092,0.6592185299362947
36,LR,"LogisticRegression(C=10, class_weight=None, dual=False, fit_intercept=True,
          intercept_scaling=1, max_iter=100, multi_class='warn',
          n_jobs=None, penalty='l2', random_state=None, solver='warn',
          tol=0.0001, verbose=0, warm_start=False)",April,"{'C': 10, 'penalty': 'l1'}",71211,5736,0.34309623430962344,0.6433566433566433,0.6055846422338569,0.5239755884917175,0.47848837209302325,0.44986922406277247,0.4316596931659693,0.09349593495934959,0.17632113821138212,0.3053861788617886,0.4181910569105691,0.524390243902439,0.6290650406504065,0.6408805484352614
37,LR,"LogisticRegression(C=10, class_weight=None, dual=False, fit_intercept=True,
          intercept_scaling=1, max_iter=100, multi_class='warn',
          n_jobs=None, penalty='l2', random_state=None, solver='warn',
          tol=0.0001, verbose=0, warm_start=False)",May,"{'C': 10, 'penalty': 'l1'}",74857,6484,0.3431523750771129,0.5864197530864198,0.5864197530864198,0.5347222222222222,0.49460154241645243,0.46934053220208255,0.4447871684145589,0.0853932584269663,0.1707865168539326,0.3114606741573034,0.43235955056179776,0.5469662921348315,0.6480898876404494,0.6475968141490196
38,LR,"LogisticRegression(C=10, class_weight=None, dual=False, fit_intercept=True,
          intercept_scaling=1, max_iter=100, multi_class='warn',
          n_jobs=None, penalty='l2', random_state=None, solver='warn',
          tol=0.0001, verbose=0, warm_start=False)",June,"{'C': 10, 'penalty': 'l1'}",80726,9618,0.3018299022665835,0.5041666666666667,0.5306971904266389,0.4955798231929277,0.4599653379549393,0.4317650116974266,0.40216261176959867,0.08336203926972098,0.1756803306923872,0.3282810885291078,0.4571133310368584,0.5721667240785394,0.6662073716844643,0.6602180351596636
39,LR,"LogisticRegression(C=10, class_weight=None, dual=False, fit_intercept=True,
          intercept_scaling=1, max_iter=100, multi_class='warn',
          n_jobs=None, penalty='l2', random_state=None, solver='warn',
          tol=0.0001, verbose=0, warm_start=False)",April,"{'C': 10, 'penalty': 'l2'}",71211,5736,0.34309623430962344,0.6328671328671329,0.6020942408376964,0.5222319093286836,0.47790697674418603,0.44812554489973844,0.4306136680613668,0.09197154471544715,0.17530487804878048,0.304369918699187,0.4176829268292683,0.5223577235772358,0.6275406504065041,0.6401283325134206
40,LR,"LogisticRegression(C=10, class_weight=None, dual=False, fit_intercept=True,
          intercept_scaling=1, max_iter=100, multi_class='warn',
          n_jobs=None, penalty='l2', random_state=None, solver='warn',
          tol=0.0001, verbose=0, warm_start=False)",May,"{'C': 10, 'penalty': 'l2'}",74857,6484,0.3431523750771129,0.5771604938271605,0.5895061728395061,0.5378086419753086,0.49408740359897174,0.46625530273814114,0.4447871684145589,0.08404494382022472,0.17168539325842697,0.31325842696629214,0.43191011235955057,0.5433707865168539,0.6480898876404494,0.6472740079830946
41,LR,"LogisticRegression(C=10, class_weight=None, dual=False, fit_intercept=True,
          intercept_scaling=1, max_iter=100, multi_class='warn',
          n_jobs=None, penalty='l2', random_state=None, solver='warn',
          tol=0.0001, verbose=0, warm_start=False)",June,"{'C': 10, 'penalty': 'l2'}",80726,9618,0.3018299022665835,0.5083333333333333,0.5296566077003122,0.4960998439937597,0.458578856152513,0.432284897322589,0.4017467248908297,0.08405098174302446,0.17533585945573546,0.3286255597657596,0.45573544609025146,0.572855666551843,0.6655184292111609,0.66009640577737
42,DT,"DecisionTreeClassifier(class_weight=None, criterion='entropy', max_depth=10,
            max_features=None, max_leaf_nodes=None,
            min_impurity_decrease=0.0, min_impurity_split=None,
            min_samples_leaf=1, min_samples_split=10,
            min_weight_fraction_leaf=0.0, presort=False, random_state=None,
            splitter='best')",April,"{'criterion': 'gini', 'max_depth': 1, 'min_samples_split': 2}",71211,5736,0.34309623430962344,0.4230769230769231,0.4258289703315881,0.42545771578029645,0.4372093023255814,0.4237140366172624,0.4205020920502092,0.061483739837398375,0.12398373983739837,0.24796747967479674,0.3821138211382114,0.49390243902439024,0.6128048780487805,0.6121138858681581
43,DT,"DecisionTreeClassifier(class_weight=None, criterion='entropy', max_depth=10,
            max_features=None, max_leaf_nodes=None,
            min_impurity_decrease=0.0, min_impurity_split=None,
            min_samples_leaf=1, min_samples_split=10,
            min_weight_fraction_leaf=0.0, presort=False, random_state=None,
            splitter='best')",May,"{'criterion': 'gini', 'max_depth': 1, 'min_samples_split': 2}",74857,6484,0.3431523750771129,0.4012345679012346,0.4074074074074074,0.42592592592592593,0.4308483290488432,0.4188198997300424,0.41671807526218385,0.058426966292134834,0.11865168539325843,0.24808988764044942,0.37662921348314604,0.4880898876404494,0.6071910112359551,0.608828680045693
44,DT,"DecisionTreeClassifier(class_weight=None, criterion='entropy', max_depth=10,
            max_features=None, max_leaf_nodes=None,
            min_impurity_decrease=0.0, min_impurity_split=None,
            min_samples_leaf=1, min_samples_split=10,
            min_weight_fraction_leaf=0.0, presort=False, random_state=None,
            splitter='best')",June,"{'criterion': 'gini', 'max_depth': 1, 'min_samples_split': 2}",80726,9618,0.3018299022665835,0.4083333333333333,0.3798126951092612,0.38117524700988037,0.38162911611785094,0.3782167923056928,0.3718028696194635,0.06751636238374095,0.12573200137788496,0.2524974164657251,0.37926283155356527,0.501205649328281,0.6159145711333104,0.6071793397284089
45,DT,"DecisionTreeClassifier(class_weight=None, criterion='entropy', max_depth=10,
            max_features=None, max_leaf_nodes=None,
            min_impurity_decrease=0.0, min_impurity_split=None,
            min_samples_leaf=1, min_samples_split=10,
            min_weight_fraction_leaf=0.0, presort=False, random_state=None,
            splitter='best')",April,"{'criterion': 'gini', 'max_depth': 1, 'min_samples_split': 5}",71211,5736,0.34309623430962344,0.4230769230769231,0.4258289703315881,0.42545771578029645,0.4372093023255814,0.4237140366172624,0.4205020920502092,0.061483739837398375,0.12398373983739837,0.24796747967479674,0.3821138211382114,0.49390243902439024,0.6128048780487805,0.6121138858681581
46,DT,"DecisionTreeClassifier(class_weight=None, criterion='entropy', max_depth=10,
            max_features=None, max_leaf_nodes=None,
            min_impurity_decrease=0.0, min_impurity_split=None,
            min_samples_leaf=1, min_samples_split=10,
            min_weight_fraction_leaf=0.0, presort=False, random_state=None,
            splitter='best')",May,"{'criterion': 'gini', 'max_depth': 1, 'min_samples_split': 5}",74857,6484,0.3431523750771129,0.4012345679012346,0.4074074074074074,0.42592592592592593,0.4308483290488432,0.4188198997300424,0.41671807526218385,0.058426966292134834,0.11865168539325843,0.24808988764044942,0.37662921348314604,0.4880898876404494,0.6071910112359551,0.608828680045693
47,DT,"DecisionTreeClassifier(class_weight=None, criterion='entropy', max_depth=10,
            max_features=None, max_leaf_nodes=None,
            min_impurity_decrease=0.0, min_impurity_split=None,
            min_samples_leaf=1, min_samples_split=10,
            min_weight_fraction_leaf=0.0, presort=False, random_state=None,
            splitter='best')",June,"{'criterion': 'gini', 'max_depth': 1, 'min_samples_split': 5}",80726,9618,0.3018299022665835,0.4083333333333333,0.3798126951092612,0.38117524700988037,0.38162911611785094,0.3782167923056928,0.3718028696194635,0.06751636238374095,0.12573200137788496,0.2524974164657251,0.37926283155356527,0.501205649328281,0.6159145711333104,0.6071793397284089
48,DT,"DecisionTreeClassifier(class_weight=None, criterion='entropy', max_depth=10,
            max_features=None, max_leaf_nodes=None,
            min_impurity_decrease=0.0, min_impurity_split=None,
            min_samples_leaf=1, min_samples_split=10,
            min_weight_fraction_leaf=0.0, presort=False, random_state=None,
            splitter='best')",April,"{'criterion': 'gini', 'max_depth': 1, 'min_samples_split': 10}",71211,5736,0.34309623430962344,0.4230769230769231,0.4258289703315881,0.42545771578029645,0.4372093023255814,0.4237140366172624,0.4205020920502092,0.061483739837398375,0.12398373983739837,0.24796747967479674,0.3821138211382114,0.49390243902439024,0.6128048780487805,0.6121138858681581
49,DT,"DecisionTreeClassifier(class_weight=None, criterion='entropy', max_depth=10,
            max_features=None, max_leaf_nodes=None,
            min_impurity_decrease=0.0, min_impurity_split=None,
            min_samples_leaf=1, min_samples_split=10,
            min_weight_fraction_leaf=0.0, presort=False, random_state=None,
            splitter='best')",May,"{'criterion': 'gini', 'max_depth': 1, 'min_samples_split': 10}",74857,6484,0.3431523750771129,0.4012345679012346,0.4074074074074074,0.42592592592592593,0.4308483290488432,0.4188198997300424,0.41671807526218385,0.058426966292134834,0.11865168539325843,0.24808988764044942,0.37662921348314604,0.4880898876404494,0.6071910112359551,0.608828680045693
50,DT,"DecisionTreeClassifier(class_weight=None, criterion='entropy', max_depth=10,
            max_features=None, max_leaf_nodes=None,
            min_impurity_decrease=0.0, min_impurity_split=None,
            min_samples_leaf=1, min_samples_split=10,
            min_weight_fraction_leaf=0.0, presort=False, random_state=None,
            splitter='best')",June,"{'criterion': 'gini', 'max_depth': 1, 'min_samples_split': 10}",80726,9618,0.3018299022665835,0.4083333333333333,0.3798126951092612,0.38117524700988037,0.38162911611785094,0.3782167923056928,0.3718028696194635,0.06751636238374095,0.12573200137788496,0.2524974164657251,0.37926283155356527,0.501205649328281,0.6159145711333104,0.6071793397284089
51,DT,"DecisionTreeClassifier(class_weight=None, criterion='entropy', max_depth=10,
            max_features=None, max_leaf_nodes=None,
            min_impurity_decrease=0.0, min_impurity_split=None,
            min_samples_leaf=1, min_samples_split=10,
            min_weight_fraction_leaf=0.0, presort=False, random_state=None,
            splitter='best')",April,"{'criterion': 'gini', 'max_depth': 5, 'min_samples_split': 2}",71211,5736,0.34309623430962344,0.6013986013986014,0.6038394415357766,0.5448997384481256,0.5011627906976744,0.46904969485614645,0.45781032078103207,0.08739837398373984,0.1758130081300813,0.3175813008130081,0.4380081300813008,0.5467479674796748,0.6671747967479674,0.6733641933354046
52,DT,"DecisionTreeClassifier(class_weight=None, criterion='entropy', max_depth=10,
            max_features=None, max_leaf_nodes=None,
            min_impurity_decrease=0.0, min_impurity_split=None,
            min_samples_leaf=1, min_samples_split=10,
            min_weight_fraction_leaf=0.0, presort=False, random_state=None,
            splitter='best')",May,"{'criterion': 'gini', 'max_depth': 5, 'min_samples_split': 2}",74857,6484,0.3431523750771129,0.6203703703703703,0.5570987654320988,0.5092592592592593,0.4832904884318766,0.45931353644427303,0.4469463294262801,0.09033707865168539,0.16224719101123594,0.2966292134831461,0.42247191011235957,0.5352808988764045,0.6512359550561798,0.6655654252330162
53,DT,"DecisionTreeClassifier(class_weight=None, criterion='entropy', max_depth=10,
            max_features=None, max_leaf_nodes=None,
            min_impurity_decrease=0.0, min_impurity_split=None,
            min_samples_leaf=1, min_samples_split=10,
            min_weight_fraction_leaf=0.0, presort=False, random_state=None,
            splitter='best')",June,"{'criterion': 'gini', 'max_depth': 5, 'min_samples_split': 2}",80726,9618,0.3018299022665835,0.58125,0.4838709677419355,0.4550182007280291,0.4415944540727903,0.4205874707564336,0.4027864420877521,0.09610747502583535,0.1601791250430589,0.3014123320702721,0.43885635549431623,0.5573544609025146,0.6672407853944196,0.666967260355875
54,DT,"DecisionTreeClassifier(class_weight=None, criterion='entropy', max_depth=10,
            max_features=None, max_leaf_nodes=None,
            min_impurity_decrease=0.0, min_impurity_split=None,
            min_samples_leaf=1, min_samples_split=10,
            min_weight_fraction_leaf=0.0, presort=False, random_state=None,
            splitter='best')",April,"{'criterion': 'gini', 'max_depth': 5, 'min_samples_split': 5}",71211,5736,0.34309623430962344,0.6013986013986014,0.6038394415357766,0.5448997384481256,0.5011627906976744,0.46904969485614645,0.45781032078103207,0.08739837398373984,0.1758130081300813,0.3175813008130081,0.4380081300813008,0.5467479674796748,0.6671747967479674,0.6733641933354046
55,DT,"DecisionTreeClassifier(class_weight=None, criterion='entropy', max_depth=10,
            max_features=None, max_leaf_nodes=None,
            min_impurity_decrease=0.0, min_impurity_split=None,
            min_samples_leaf=1, min_samples_split=10,
            min_weight_fraction_leaf=0.0, presort=False, random_state=None,
            splitter='best')",May,"{'criterion': 'gini', 'max_depth': 5, 'min_samples_split': 5}",74857,6484,0.3431523750771129,0.6203703703703703,0.5570987654320988,0.5092592592592593,0.4832904884318766,0.45931353644427303,0.4469463294262801,0.09033707865168539,0.16224719101123594,0.2966292134831461,0.42247191011235957,0.5352808988764045,0.6512359550561798,0.6655654252330162
56,DT,"DecisionTreeClassifier(class_weight=None, criterion='entropy', max_depth=10,
            max_features=None, max_leaf_nodes=None,
            min_impurity_decrease=0.0, min_impurity_split=None,
            min_samples_leaf=1, min_samples_split=10,
            min_weight_fraction_leaf=0.0, presort=False, random_state=None,
            splitter='best')",June,"{'criterion': 'gini', 'max_depth': 5, 'min_samples_split': 5}",80726,9618,0.3018299022665835,0.58125,0.4838709677419355,0.4550182007280291,0.4415944540727903,0.4205874707564336,0.4027864420877521,0.09610747502583535,0.1601791250430589,0.3014123320702721,0.43885635549431623,0.5573544609025146,0.6672407853944196,0.666967260355875
57,DT,"DecisionTreeClassifier(class_weight=None, criterion='entropy', max_depth=10,
            max_features=None, max_leaf_nodes=None,
            min_impurity_decrease=0.0, min_impurity_split=None,
            min_samples_leaf=1, min_samples_split=10,
            min_weight_fraction_leaf=0.0, presort=False, random_state=None,
            splitter='best')",April,"{'criterion': 'gini', 'max_depth': 5, 'min_samples_split': 10}",71211,5736,0.34309623430962344,0.6013986013986014,0.6038394415357766,0.5448997384481256,0.5011627906976744,0.46904969485614645,0.45781032078103207,0.08739837398373984,0.1758130081300813,0.3175813008130081,0.4380081300813008,0.5467479674796748,0.6671747967479674,0.6733641933354046
58,DT,"DecisionTreeClassifier(class_weight=None, criterion='entropy', max_depth=10,
            max_features=None, max_leaf_nodes=None,
            min_impurity_decrease=0.0, min_impurity_split=None,
            min_samples_leaf=1, min_samples_split=10,
            min_weight_fraction_leaf=0.0, presort=False, random_state=None,
            splitter='best')",May,"{'criterion': 'gini', 'max_depth': 5, 'min_samples_split': 10}",74857,6484,0.3431523750771129,0.6203703703703703,0.5570987654320988,0.5092592592592593,0.4832904884318766,0.45931353644427303,0.4469463294262801,0.09033707865168539,0.16224719101123594,0.2966292134831461,0.42247191011235957,0.5352808988764045,0.6512359550561798,0.6655654252330162
59,DT,"DecisionTreeClassifier(class_weight=None, criterion='entropy', max_depth=10,
            max_features=None, max_leaf_nodes=None,
            min_impurity_decrease=0.0, min_impurity_split=None,
            min_samples_leaf=1, min_samples_split=10,
            min_weight_fraction_leaf=0.0, presort=False, random_state=None,
            splitter='best')",June,"{'criterion': 'gini', 'max_depth': 5, 'min_samples_split': 10}",80726,9618,0.3018299022665835,0.58125,0.4838709677419355,0.4550182007280291,0.4415944540727903,0.4205874707564336,0.4027864420877521,0.09610747502583535,0.1601791250430589,0.3014123320702721,0.43885635549431623,0.5573544609025146,0.6672407853944196,0.666967260355875
60,DT,"DecisionTreeClassifier(class_weight=None, criterion='entropy', max_depth=10,
            max_features=None, max_leaf_nodes=None,
            min_impurity_decrease=0.0, min_impurity_split=None,
            min_samples_leaf=1, min_samples_split=10,
            min_weight_fraction_leaf=0.0, presort=False, random_state=None,
            splitter='best')",April,"{'criterion': 'gini', 'max_depth': 10, 'min_samples_split': 2}",71211,5736,0.34309623430962344,0.7272727272727273,0.6736474694589878,0.5806451612903226,0.5296511627906977,0.49825632083696597,0.4696652719665272,0.10569105691056911,0.19613821138211382,0.3384146341463415,0.46290650406504064,0.5807926829268293,0.6844512195121951,0.7061756684445826
61,DT,"DecisionTreeClassifier(class_weight=None, criterion='entropy', max_depth=10,
            max_features=None, max_leaf_nodes=None,
            min_impurity_decrease=0.0, min_impurity_split=None,
            min_samples_leaf=1, min_samples_split=10,
            min_weight_fraction_leaf=0.0, presort=False, random_state=None,
            splitter='best')",May,"{'criterion': 'gini', 'max_depth': 10, 'min_samples_split': 2}",74857,6484,0.3431523750771129,0.8148148148148148,0.7021604938271605,0.6049382716049383,0.5460154241645244,0.5040493636714231,0.4824182603331277,0.11865168539325843,0.20449438202247192,0.35235955056179774,0.47730337078651686,0.5874157303370786,0.7029213483146067,0.7214650271335519
62,DT,"DecisionTreeClassifier(class_weight=None, criterion='entropy', max_depth=10,
            max_features=None, max_leaf_nodes=None,
            min_impurity_decrease=0.0, min_impurity_split=None,
            min_samples_leaf=1, min_samples_split=10,
            min_weight_fraction_leaf=0.0, presort=False, random_state=None,
            splitter='best')",June,"{'criterion': 'gini', 'max_depth': 10, 'min_samples_split': 2}",80726,9618,0.3018299022665835,0.7020833333333333,0.6347554630593132,0.5579823192927718,0.5053726169844021,0.4733558617104237,0.44000831773757537,0.11608680675163624,0.21012745435756114,0.3696176369273166,0.5022390630382363,0.6272821219428177,0.728901136755081,0.7286962238206349
63,DT,"DecisionTreeClassifier(class_weight=None, criterion='entropy', max_depth=10,
            max_features=None, max_leaf_nodes=None,
            min_impurity_decrease=0.0, min_impurity_split=None,
            min_samples_leaf=1, min_samples_split=10,
            min_weight_fraction_leaf=0.0, presort=False, random_state=None,
            splitter='best')",April,"{'criterion': 'gini', 'max_depth': 10, 'min_samples_split': 5}",71211,5736,0.34309623430962344,0.7482517482517482,0.6736474694589878,0.5797733217088056,0.5284883720930232,0.4952048823016565,0.4686192468619247,0.10873983739837398,0.19613821138211382,0.33790650406504064,0.46189024390243905,0.5772357723577236,0.6829268292682927,0.7050740456648198
64,DT,"DecisionTreeClassifier(class_weight=None, criterion='entropy', max_depth=10,
            max_features=None, max_leaf_nodes=None,
            min_impurity_decrease=0.0, min_impurity_split=None,
            min_samples_leaf=1, min_samples_split=10,
            min_weight_fraction_leaf=0.0, presort=False, random_state=None,
            splitter='best')",May,"{'criterion': 'gini', 'max_depth': 10, 'min_samples_split': 5}",74857,6484,0.3431523750771129,0.8117283950617284,0.7021604938271605,0.6049382716049383,0.5465295629820052,0.5086772078673352,0.48180135718692163,0.11820224719101123,0.20449438202247192,0.35235955056179774,0.47775280898876404,0.592808988764045,0.7020224719101124,0.7205234124167987
65,DT,"DecisionTreeClassifier(class_weight=None, criterion='entropy', max_depth=10,
            max_features=None, max_leaf_nodes=None,
            min_impurity_decrease=0.0, min_impurity_split=None,
            min_samples_leaf=1, min_samples_split=10,
            min_weight_fraction_leaf=0.0, presort=False, random_state=None,
            splitter='best')",June,"{'criterion': 'gini', 'max_depth': 10, 'min_samples_split': 5}",80726,9618,0.3018299022665835,0.7,0.6337148803329865,0.5553822152886115,0.5046793760831889,0.47231609046009876,0.4410480349344978,0.1157423355149845,0.2097829831209094,0.36789528074405786,0.5015501205649329,0.6259042369962108,0.7306234929383396,0.7286147613747966
66,DT,"DecisionTreeClassifier(class_weight=None, criterion='entropy', max_depth=10,
            max_features=None, max_leaf_nodes=None,
            min_impurity_decrease=0.0, min_impurity_split=None,
            min_samples_leaf=1, min_samples_split=10,
            min_weight_fraction_leaf=0.0, presort=False, random_state=None,
            splitter='best')",April,"{'criterion': 'gini', 'max_depth': 10, 'min_samples_split': 10}",71211,5736,0.34309623430962344,0.7377622377622378,0.6666666666666666,0.5789014821272885,0.5302325581395348,0.4952048823016565,0.46827057182705717,0.10721544715447154,0.19410569105691056,0.33739837398373984,0.4634146341463415,0.5772357723577236,0.6824186991869918,0.7041360008544353
67,DT,"DecisionTreeClassifier(class_weight=None, criterion='entropy', max_depth=10,
            max_features=None, max_leaf_nodes=None,
            min_impurity_decrease=0.0, min_impurity_split=None,
            min_samples_leaf=1, min_samples_split=10,
            min_weight_fraction_leaf=0.0, presort=False, random_state=None,
            splitter='best')",May,"{'criterion': 'gini', 'max_depth': 10, 'min_samples_split': 10}",74857,6484,0.3431523750771129,0.7932098765432098,0.6898148148148148,0.5995370370370371,0.5444730077120823,0.5009641342074816,0.4805675508945096,0.11550561797752809,0.2008988764044944,0.3492134831460674,0.4759550561797753,0.5838202247191011,0.7002247191011236,0.7174203998934181
68,DT,"DecisionTreeClassifier(class_weight=None, criterion='entropy', max_depth=10,
            max_features=None, max_leaf_nodes=None,
            min_impurity_decrease=0.0, min_impurity_split=None,
            min_samples_leaf=1, min_samples_split=10,
            min_weight_fraction_leaf=0.0, presort=False, random_state=None,
            splitter='best')",June,"{'criterion': 'gini', 'max_depth': 10, 'min_samples_split': 10}",80726,9618,0.3018299022665835,0.6916666666666667,0.6295525494276795,0.5548621944877795,0.5036395147313691,0.47231609046009876,0.43938448741942193,0.11436445056837755,0.20840509817430244,0.36755080950740615,0.5005167068549776,0.6259042369962108,0.7278677230451257,0.7270565612536803
69,DT,"DecisionTreeClassifier(class_weight=None, criterion='entropy', max_depth=10,
            max_features=None, max_leaf_nodes=None,
            min_impurity_decrease=0.0, min_impurity_split=None,
            min_samples_leaf=1, min_samples_split=10,
            min_weight_fraction_leaf=0.0, presort=False, random_state=None,
            splitter='best')",April,"{'criterion': 'entropy', 'max_depth': 1, 'min_samples_split': 2}",71211,5736,0.34309623430962344,0.45454545454545453,0.4258289703315881,0.41935483870967744,0.42790697674418604,0.4197907585004359,0.4117852161785216,0.06605691056910569,0.12398373983739837,0.24441056910569106,0.37398373983739835,0.4893292682926829,0.6001016260162602,0.6080375174770856
70,DT,"DecisionTreeClassifier(class_weight=None, criterion='entropy', max_depth=10,
            max_features=None, max_leaf_nodes=None,
            min_impurity_decrease=0.0, min_impurity_split=None,
            min_samples_leaf=1, min_samples_split=10,
            min_weight_fraction_leaf=0.0, presort=False, random_state=None,
            splitter='best')",May,"{'criterion': 'entropy', 'max_depth': 1, 'min_samples_split': 2}",74857,6484,0.3431523750771129,0.39814814814814814,0.3966049382716049,0.4089506172839506,0.42467866323907455,0.41380640185113765,0.4025293028994448,0.05797752808988764,0.11550561797752809,0.23820224719101124,0.3712359550561798,0.482247191011236,0.5865168539325842,0.6024976586264118
71,DT,"DecisionTreeClassifier(class_weight=None, criterion='entropy', max_depth=10,
            max_features=None, max_leaf_nodes=None,
            min_impurity_decrease=0.0, min_impurity_split=None,
            min_samples_leaf=1, min_samples_split=10,
            min_weight_fraction_leaf=0.0, presort=False, random_state=None,
            splitter='best')",June,"{'criterion': 'entropy', 'max_depth': 1, 'min_samples_split': 2}",80726,9618,0.3018299022665835,0.36666666666666664,0.35691987513007284,0.3712948517940718,0.37885615251299826,0.3688588510527684,0.35807860262008734,0.06062693765070617,0.11815363417154667,0.24595246296934206,0.37650706166035136,0.48880468480881845,0.5931794695142956,0.6004748470591313
72,DT,"DecisionTreeClassifier(class_weight=None, criterion='entropy', max_depth=10,
            max_features=None, max_leaf_nodes=None,
            min_impurity_decrease=0.0, min_impurity_split=None,
            min_samples_leaf=1, min_samples_split=10,
            min_weight_fraction_leaf=0.0, presort=False, random_state=None,
            splitter='best')",April,"{'criterion': 'entropy', 'max_depth': 1, 'min_samples_split': 5}",71211,5736,0.34309623430962344,0.45454545454545453,0.4258289703315881,0.41935483870967744,0.42790697674418604,0.4197907585004359,0.4117852161785216,0.06605691056910569,0.12398373983739837,0.24441056910569106,0.37398373983739835,0.4893292682926829,0.6001016260162602,0.6080375174770856
73,DT,"DecisionTreeClassifier(class_weight=None, criterion='entropy', max_depth=10,
            max_features=None, max_leaf_nodes=None,
            min_impurity_decrease=0.0, min_impurity_split=None,
            min_samples_leaf=1, min_samples_split=10,
            min_weight_fraction_leaf=0.0, presort=False, random_state=None,
            splitter='best')",May,"{'criterion': 'entropy', 'max_depth': 1, 'min_samples_split': 5}",74857,6484,0.3431523750771129,0.39814814814814814,0.3966049382716049,0.4089506172839506,0.42467866323907455,0.41380640185113765,0.4025293028994448,0.05797752808988764,0.11550561797752809,0.23820224719101124,0.3712359550561798,0.482247191011236,0.5865168539325842,0.6024976586264118
74,DT,"DecisionTreeClassifier(class_weight=None, criterion='entropy', max_depth=10,
            max_features=None, max_leaf_nodes=None,
            min_impurity_decrease=0.0, min_impurity_split=None,
            min_samples_leaf=1, min_samples_split=10,
            min_weight_fraction_leaf=0.0, presort=False, random_state=None,
            splitter='best')",June,"{'criterion': 'entropy', 'max_depth': 1, 'min_samples_split': 5}",80726,9618,0.3018299022665835,0.36666666666666664,0.35691987513007284,0.3712948517940718,0.37885615251299826,0.3688588510527684,0.35807860262008734,0.06062693765070617,0.11815363417154667,0.24595246296934206,0.37650706166035136,0.48880468480881845,0.5931794695142956,0.6004748470591313
75,DT,"DecisionTreeClassifier(class_weight=None, criterion='entropy', max_depth=10,
            max_features=None, max_leaf_nodes=None,
            min_impurity_decrease=0.0, min_impurity_split=None,
            min_samples_leaf=1, min_samples_split=10,
            min_weight_fraction_leaf=0.0, presort=False, random_state=None,
            splitter='best')",April,"{'criterion': 'entropy', 'max_depth': 1, 'min_samples_split': 10}",71211,5736,0.34309623430962344,0.45454545454545453,0.4258289703315881,0.41935483870967744,0.42790697674418604,0.4197907585004359,0.4117852161785216,0.06605691056910569,0.12398373983739837,0.24441056910569106,0.37398373983739835,0.4893292682926829,0.6001016260162602,0.6080375174770856
76,DT,"DecisionTreeClassifier(class_weight=None, criterion='entropy', max_depth=10,
            max_features=None, max_leaf_nodes=None,
            min_impurity_decrease=0.0, min_impurity_split=None,
            min_samples_leaf=1, min_samples_split=10,
            min_weight_fraction_leaf=0.0, presort=False, random_state=None,
            splitter='best')",May,"{'criterion': 'entropy', 'max_depth': 1, 'min_samples_split': 10}",74857,6484,0.3431523750771129,0.39814814814814814,0.3966049382716049,0.4089506172839506,0.42467866323907455,0.41380640185113765,0.4025293028994448,0.05797752808988764,0.11550561797752809,0.23820224719101124,0.3712359550561798,0.482247191011236,0.5865168539325842,0.6024976586264118
77,DT,"DecisionTreeClassifier(class_weight=None, criterion='entropy', max_depth=10,
            max_features=None, max_leaf_nodes=None,
            min_impurity_decrease=0.0, min_impurity_split=None,
            min_samples_leaf=1, min_samples_split=10,
            min_weight_fraction_leaf=0.0, presort=False, random_state=None,
            splitter='best')",June,"{'criterion': 'entropy', 'max_depth': 1, 'min_samples_split': 10}",80726,9618,0.3018299022665835,0.36666666666666664,0.35691987513007284,0.3712948517940718,0.37885615251299826,0.3688588510527684,0.35807860262008734,0.06062693765070617,0.11815363417154667,0.24595246296934206,0.37650706166035136,0.48880468480881845,0.5931794695142956,0.6004748470591313
78,DT,"DecisionTreeClassifier(class_weight=None, criterion='entropy', max_depth=10,
            max_features=None, max_leaf_nodes=None,
            min_impurity_decrease=0.0, min_impurity_split=None,
            min_samples_leaf=1, min_samples_split=10,
            min_weight_fraction_leaf=0.0, presort=False, random_state=None,
            splitter='best')",April,"{'criterion': 'entropy', 'max_depth': 5, 'min_samples_split': 2}",71211,5736,0.34309623430962344,0.6083916083916084,0.5986038394415357,0.5379250217959896,0.5063953488372093,0.46425457715780294,0.44525801952580196,0.08841463414634146,0.17428861788617886,0.31351626016260165,0.4425813008130081,0.5411585365853658,0.6488821138211383,0.6725254685369305
79,DT,"DecisionTreeClassifier(class_weight=None, criterion='entropy', max_depth=10,
            max_features=None, max_leaf_nodes=None,
            min_impurity_decrease=0.0, min_impurity_split=None,
            min_samples_leaf=1, min_samples_split=10,
            min_weight_fraction_leaf=0.0, presort=False, random_state=None,
            splitter='best')",May,"{'criterion': 'entropy', 'max_depth': 5, 'min_samples_split': 2}",74857,6484,0.3431523750771129,0.6080246913580247,0.5401234567901234,0.5077160493827161,0.4781491002570694,0.4577709217123023,0.44818013571869214,0.08853932584269662,0.15730337078651685,0.2957303370786517,0.41797752808988764,0.5334831460674158,0.6530337078651686,0.6625943738441528
80,DT,"DecisionTreeClassifier(class_weight=None, criterion='entropy', max_depth=10,
            max_features=None, max_leaf_nodes=None,
            min_impurity_decrease=0.0, min_impurity_split=None,
            min_samples_leaf=1, min_samples_split=10,
            min_weight_fraction_leaf=0.0, presort=False, random_state=None,
            splitter='best')",June,"{'criterion': 'entropy', 'max_depth': 5, 'min_samples_split': 2}",80726,9618,0.3018299022665835,0.5770833333333333,0.4869927159209157,0.4544981799271971,0.44298093587521664,0.4260462698206395,0.41131212310251614,0.09541853255253187,0.1612125387530141,0.3010678608336204,0.4402342404409232,0.5645883568722012,0.6813641060971409,0.6713635135963544
81,DT,"DecisionTreeClassifier(class_weight=None, criterion='entropy', max_depth=10,
            max_features=None, max_leaf_nodes=None,
            min_impurity_decrease=0.0, min_impurity_split=None,
            min_samples_leaf=1, min_samples_split=10,
            min_weight_fraction_leaf=0.0, presort=False, random_state=None,
            splitter='best')",April,"{'criterion': 'entropy', 'max_depth': 5, 'min_samples_split': 5}",71211,5736,0.34309623430962344,0.6083916083916084,0.5986038394415357,0.5379250217959896,0.5063953488372093,0.46425457715780294,0.44525801952580196,0.08841463414634146,0.17428861788617886,0.31351626016260165,0.4425813008130081,0.5411585365853658,0.6488821138211383,0.6725254685369305
82,DT,"DecisionTreeClassifier(class_weight=None, criterion='entropy', max_depth=10,
            max_features=None, max_leaf_nodes=None,
            min_impurity_decrease=0.0, min_impurity_split=None,
            min_samples_leaf=1, min_samples_split=10,
            min_weight_fraction_leaf=0.0, presort=False, random_state=None,
            splitter='best')",May,"{'criterion': 'entropy', 'max_depth': 5, 'min_samples_split': 5}",74857,6484,0.3431523750771129,0.6080246913580247,0.5401234567901234,0.5077160493827161,0.4781491002570694,0.4577709217123023,0.44818013571869214,0.08853932584269662,0.15730337078651685,0.2957303370786517,0.41797752808988764,0.5334831460674158,0.6530337078651686,0.6625943738441528
83,DT,"DecisionTreeClassifier(class_weight=None, criterion='entropy', max_depth=10,
            max_features=None, max_leaf_nodes=None,
            min_impurity_decrease=0.0, min_impurity_split=None,
            min_samples_leaf=1, min_samples_split=10,
            min_weight_fraction_leaf=0.0, presort=False, random_state=None,
            splitter='best')",June,"{'criterion': 'entropy', 'max_depth': 5, 'min_samples_split': 5}",80726,9618,0.3018299022665835,0.5770833333333333,0.4869927159209157,0.4544981799271971,0.44298093587521664,0.4260462698206395,0.41131212310251614,0.09541853255253187,0.1612125387530141,0.3010678608336204,0.4402342404409232,0.5645883568722012,0.6813641060971409,0.6713635135963544
84,DT,"DecisionTreeClassifier(class_weight=None, criterion='entropy', max_depth=10,
            max_features=None, max_leaf_nodes=None,
            min_impurity_decrease=0.0, min_impurity_split=None,
            min_samples_leaf=1, min_samples_split=10,
            min_weight_fraction_leaf=0.0, presort=False, random_state=None,
            splitter='best')",April,"{'criterion': 'entropy', 'max_depth': 5, 'min_samples_split': 10}",71211,5736,0.34309623430962344,0.6083916083916084,0.5986038394415357,0.5379250217959896,0.5063953488372093,0.46425457715780294,0.44525801952580196,0.08841463414634146,0.17428861788617886,0.31351626016260165,0.4425813008130081,0.5411585365853658,0.6488821138211383,0.6725254685369305
85,DT,"DecisionTreeClassifier(class_weight=None, criterion='entropy', max_depth=10,
            max_features=None, max_leaf_nodes=None,
            min_impurity_decrease=0.0, min_impurity_split=None,
            min_samples_leaf=1, min_samples_split=10,
            min_weight_fraction_leaf=0.0, presort=False, random_state=None,
            splitter='best')",May,"{'criterion': 'entropy', 'max_depth': 5, 'min_samples_split': 10}",74857,6484,0.3431523750771129,0.6080246913580247,0.5401234567901234,0.5077160493827161,0.4781491002570694,0.4577709217123023,0.44818013571869214,0.08853932584269662,0.15730337078651685,0.2957303370786517,0.41797752808988764,0.5334831460674158,0.6530337078651686,0.6625943738441528
86,DT,"DecisionTreeClassifier(class_weight=None, criterion='entropy', max_depth=10,
            max_features=None, max_leaf_nodes=None,
            min_impurity_decrease=0.0, min_impurity_split=None,
            min_samples_leaf=1, min_samples_split=10,
            min_weight_fraction_leaf=0.0, presort=False, random_state=None,
            splitter='best')",June,"{'criterion': 'entropy', 'max_depth': 5, 'min_samples_split': 10}",80726,9618,0.3018299022665835,0.5770833333333333,0.4869927159209157,0.4544981799271971,0.44298093587521664,0.4260462698206395,0.41131212310251614,0.09541853255253187,0.1612125387530141,0.3010678608336204,0.4402342404409232,0.5645883568722012,0.6813641060971409,0.6713635135963544
87,DT,"DecisionTreeClassifier(class_weight=None, criterion='entropy', max_depth=10,
            max_features=None, max_leaf_nodes=None,
            min_impurity_decrease=0.0, min_impurity_split=None,
            min_samples_leaf=1, min_samples_split=10,
            min_weight_fraction_leaf=0.0, presort=False, random_state=None,
            splitter='best')",April,"{'criterion': 'entropy', 'max_depth': 10, 'min_samples_split': 2}",71211,5736,0.34309623430962344,0.7202797202797203,0.6561954624781849,0.5806451612903226,0.5325581395348837,0.4969485614646905,0.4721059972105997,0.10467479674796748,0.1910569105691057,0.3384146341463415,0.4654471544715447,0.5792682926829268,0.6880081300813008,0.7094765585892324
88,DT,"DecisionTreeClassifier(class_weight=None, criterion='entropy', max_depth=10,
            max_features=None, max_leaf_nodes=None,
            min_impurity_decrease=0.0, min_impurity_split=None,
            min_samples_leaf=1, min_samples_split=10,
            min_weight_fraction_leaf=0.0, presort=False, random_state=None,
            splitter='best')",May,"{'criterion': 'entropy', 'max_depth': 10, 'min_samples_split': 2}",74857,6484,0.3431523750771129,0.6882716049382716,0.6373456790123457,0.5694444444444444,0.5305912596401028,0.49710759737755494,0.4753238741517582,0.1002247191011236,0.1856179775280899,0.33168539325842694,0.4638202247191011,0.5793258426966292,0.6925842696629213,0.708378239339825
89,DT,"DecisionTreeClassifier(class_weight=None, criterion='entropy', max_depth=10,
            max_features=None, max_leaf_nodes=None,
            min_impurity_decrease=0.0, min_impurity_split=None,
            min_samples_leaf=1, min_samples_split=10,
            min_weight_fraction_leaf=0.0, presort=False, random_state=None,
            splitter='best')",June,"{'criterion': 'entropy', 'max_depth': 10, 'min_samples_split': 2}",80726,9618,0.3018299022665835,0.6916666666666667,0.6305931321540063,0.5512220488819553,0.507105719237435,0.4699766051468677,0.4410480349344978,0.11436445056837755,0.20874956941095418,0.36513951085084395,0.503961419221495,0.6228039958663452,0.7306234929383396,0.7308602111098258
90,DT,"DecisionTreeClassifier(class_weight=None, criterion='entropy', max_depth=10,
            max_features=None, max_leaf_nodes=None,
            min_impurity_decrease=0.0, min_impurity_split=None,
            min_samples_leaf=1, min_samples_split=10,
            min_weight_fraction_leaf=0.0, presort=False, random_state=None,
            splitter='best')",April,"{'criterion': 'entropy', 'max_depth': 10, 'min_samples_split': 5}",71211,5736,0.34309623430962344,0.7167832167832168,0.6579406631762653,0.5815170008718396,0.5325581395348837,0.496512641673932,0.4714086471408647,0.10416666666666667,0.1915650406504065,0.3389227642276423,0.4654471544715447,0.578760162601626,0.6869918699186992,0.708964180605182
91,DT,"DecisionTreeClassifier(class_weight=None, criterion='entropy', max_depth=10,
            max_features=None, max_leaf_nodes=None,
            min_impurity_decrease=0.0, min_impurity_split=None,
            min_samples_leaf=1, min_samples_split=10,
            min_weight_fraction_leaf=0.0, presort=False, random_state=None,
            splitter='best')",May,"{'criterion': 'entropy', 'max_depth': 10, 'min_samples_split': 5}",74857,6484,0.3431523750771129,0.6851851851851852,0.6342592592592593,0.5702160493827161,0.5300771208226221,0.49749325106054765,0.4771745835903763,0.0997752808988764,0.18471910112359552,0.3321348314606742,0.4633707865168539,0.5797752808988764,0.6952808988764045,0.7082069695106991
92,DT,"DecisionTreeClassifier(class_weight=None, criterion='entropy', max_depth=10,
            max_features=None, max_leaf_nodes=None,
            min_impurity_decrease=0.0, min_impurity_split=None,
            min_samples_leaf=1, min_samples_split=10,
            min_weight_fraction_leaf=0.0, presort=False, random_state=None,
            splitter='best')",June,"{'criterion': 'entropy', 'max_depth': 10, 'min_samples_split': 5}",80726,9618,0.3018299022665835,0.6958333333333333,0.627471383975026,0.5455018200728029,0.5046793760831889,0.46971666233428644,0.4410480349344978,0.11505339304168102,0.20771615570099897,0.3613503272476748,0.5015501205649329,0.6224595246296935,0.7306234929383396,0.7298551656193595
93,DT,"DecisionTreeClassifier(class_weight=None, criterion='entropy', max_depth=10,
            max_features=None, max_leaf_nodes=None,
            min_impurity_decrease=0.0, min_impurity_split=None,
            min_samples_leaf=1, min_samples_split=10,
            min_weight_fraction_leaf=0.0, presort=False, random_state=None,
            splitter='best')",April,"{'criterion': 'entropy', 'max_depth': 10, 'min_samples_split': 10}",71211,5736,0.34309623430962344,0.7167832167832168,0.6596858638743456,0.5806451612903226,0.5313953488372093,0.496512641673932,0.4700139470013947,0.10416666666666667,0.19207317073170732,0.3384146341463415,0.4644308943089431,0.578760162601626,0.6849593495934959,0.7079862864213833
94,DT,"DecisionTreeClassifier(class_weight=None, criterion='entropy', max_depth=10,
            max_features=None, max_leaf_nodes=None,
            min_impurity_decrease=0.0, min_impurity_split=None,
            min_samples_leaf=1, min_samples_split=10,
            min_weight_fraction_leaf=0.0, presort=False, random_state=None,
            splitter='best')",May,"{'criterion': 'entropy', 'max_depth': 10, 'min_samples_split': 10}",74857,6484,0.3431523750771129,0.6759259259259259,0.6373456790123457,0.5702160493827161,0.5290488431876607,0.49749325106054765,0.47501542257865514,0.09842696629213483,0.1856179775280899,0.3321348314606742,0.46247191011235955,0.5797752808988764,0.6921348314606741,0.7068791798465115
95,DT,"DecisionTreeClassifier(class_weight=None, criterion='entropy', max_depth=10,
            max_features=None, max_leaf_nodes=None,
            min_impurity_decrease=0.0, min_impurity_split=None,
            min_samples_leaf=1, min_samples_split=10,
            min_weight_fraction_leaf=0.0, presort=False, random_state=None,
            splitter='best')",June,"{'criterion': 'entropy', 'max_depth': 10, 'min_samples_split': 10}",80726,9618,0.3018299022665835,0.6854166666666667,0.6243496357960457,0.5481019240769631,0.5046793760831889,0.4694567195217052,0.4410480349344978,0.11333103685842232,0.20668274199104375,0.3630726834309335,0.5015501205649329,0.6221150533930416,0.7306234929383396,0.729510591785169
96,BAG,"BaggingClassifier(base_estimator=None, bootstrap=True,
         bootstrap_features=False, max_features=1.0, max_samples=20,
         n_estimators=10, n_jobs=None, oob_score=False, random_state=None,
         verbose=0, warm_start=False)",April,"{'max_samples': 10, 'n_estimators': 5}",71211,5736,0.34309623430962344,0.46503496503496505,0.44502617801047123,0.4385353095030514,0.4191860465116279,0.3958151700087184,0.3800557880055788,0.06758130081300813,0.12957317073170732,0.25558943089430897,0.36636178861788615,0.4613821138211382,0.5538617886178862,0.5634586774808831
97,BAG,"BaggingClassifier(base_estimator=None, bootstrap=True,
         bootstrap_features=False, max_features=1.0, max_samples=20,
         n_estimators=10, n_jobs=None, oob_score=False, random_state=None,
         verbose=0, warm_start=False)",May,"{'max_samples': 10, 'n_estimators': 5}",74857,6484,0.3431523750771129,0.30246913580246915,0.3055555555555556,0.3271604938271605,0.31362467866323906,0.32124951793289624,0.3297347316471314,0.04404494382022472,0.08898876404494382,0.190561797752809,0.27415730337078653,0.3743820224719101,0.48044943820224717,0.4809952750421447
98,BAG,"BaggingClassifier(base_estimator=None, bootstrap=True,
         bootstrap_features=False, max_features=1.0, max_samples=20,
         n_estimators=10, n_jobs=None, oob_score=False, random_state=None,
         verbose=0, warm_start=False)",June,"{'max_samples': 10, 'n_estimators': 5}",80726,9618,0.3018299022665835,0.41875,0.4016649323621228,0.390535621424857,0.37677642980935877,0.35066285417208215,0.3424828446662508,0.06923871856699966,0.13296589734757147,0.2586978987254564,0.37444023424044093,0.46469169824319667,0.5673441267654151,0.566521627945928
99,BAG,"BaggingClassifier(base_estimator=None, bootstrap=True,
         bootstrap_features=False, max_features=1.0, max_samples=20,
         n_estimators=10, n_jobs=None, oob_score=False, random_state=None,
         verbose=0, warm_start=False)",April,"{'max_samples': 10, 'n_estimators': 10}",71211,5736,0.34309623430962344,0.3776223776223776,0.3612565445026178,0.36965998256320837,0.3872093023255814,0.3831734960767219,0.38249651324965134,0.054878048780487805,0.10518292682926829,0.21544715447154472,0.3384146341463415,0.44664634146341464,0.5574186991869918,0.5491844431282689
100,BAG,"BaggingClassifier(base_estimator=None, bootstrap=True,
         bootstrap_features=False, max_features=1.0, max_samples=20,
         n_estimators=10, n_jobs=None, oob_score=False, random_state=None,
         verbose=0, warm_start=False)",May,"{'max_samples': 10, 'n_estimators': 10}",74857,6484,0.3431523750771129,0.38271604938271603,0.38117283950617287,0.36496913580246915,0.35989717223650386,0.35672965676822216,0.3504009870450339,0.05573033707865169,0.11101123595505619,0.21258426966292135,0.3146067415730337,0.4157303370786517,0.510561797752809,0.5186675671611473
101,BAG,"BaggingClassifier(base_estimator=None, bootstrap=True,
         bootstrap_features=False, max_features=1.0, max_samples=20,
         n_estimators=10, n_jobs=None, oob_score=False, random_state=None,
         verbose=0, warm_start=False)",June,"{'max_samples': 10, 'n_estimators': 10}",80726,9618,0.3018299022665835,0.38333333333333336,0.3850156087408949,0.33021320852834113,0.32097053726169844,0.3075123472835976,0.29527968392597215,0.06338270754392009,0.12745435756114365,0.21873923527385464,0.31898036513951084,0.4075094729590079,0.4891491560454702,0.4997689503425347
102,BAG,"BaggingClassifier(base_estimator=None, bootstrap=True,
         bootstrap_features=False, max_features=1.0, max_samples=20,
         n_estimators=10, n_jobs=None, oob_score=False, random_state=None,
         verbose=0, warm_start=False)",April,"{'max_samples': 20, 'n_estimators': 5}",71211,5736,0.34309623430962344,0.5034965034965035,0.4851657940663176,0.45684394071490847,0.4308139534883721,0.41586748038360943,0.40097629009762903,0.07317073170731707,0.14126016260162602,0.266260162601626,0.37652439024390244,0.4847560975609756,0.584349593495935,0.5912570205021318
103,BAG,"BaggingClassifier(base_estimator=None, bootstrap=True,
         bootstrap_features=False, max_features=1.0, max_samples=20,
         n_estimators=10, n_jobs=None, oob_score=False, random_state=None,
         verbose=0, warm_start=False)",May,"{'max_samples': 20, 'n_estimators': 5}",74857,6484,0.3431523750771129,0.44753086419753085,0.42746913580246915,0.4236111111111111,0.39794344473007714,0.3891245661396066,0.3756940160394818,0.0651685393258427,0.12449438202247191,0.24674157303370786,0.34786516853932586,0.45348314606741574,0.5474157303370787,0.5478134604578275
104,BAG,"BaggingClassifier(base_estimator=None, bootstrap=True,
         bootstrap_features=False, max_features=1.0, max_samples=20,
         n_estimators=10, n_jobs=None, oob_score=False, random_state=None,
         verbose=0, warm_start=False)",June,"{'max_samples': 20, 'n_estimators': 5}",80726,9618,0.3018299022665835,0.35625,0.3975026014568158,0.4092563702548102,0.3979202772963605,0.3821159344944112,0.363069245165315,0.05890458146744747,0.13158801240096452,0.27109886324491905,0.395452979676197,0.5063727178780572,0.6014467791939373,0.5970930782826915
105,BAG,"BaggingClassifier(base_estimator=None, bootstrap=True,
         bootstrap_features=False, max_features=1.0, max_samples=20,
         n_estimators=10, n_jobs=None, oob_score=False, random_state=None,
         verbose=0, warm_start=False)",April,"{'max_samples': 20, 'n_estimators': 10}",71211,5736,0.34309623430962344,0.5209790209790209,0.5130890052356021,0.4891020052310375,0.47267441860465115,0.44812554489973844,0.4246861924686193,0.07571138211382114,0.14939024390243902,0.2850609756097561,0.41310975609756095,0.5223577235772358,0.6189024390243902,0.6092321221281479
106,BAG,"BaggingClassifier(base_estimator=None, bootstrap=True,
         bootstrap_features=False, max_features=1.0, max_samples=20,
         n_estimators=10, n_jobs=None, oob_score=False, random_state=None,
         verbose=0, warm_start=False)",May,"{'max_samples': 20, 'n_estimators': 10}",74857,6484,0.3431523750771129,0.41975308641975306,0.42746913580246915,0.408179012345679,0.4154241645244216,0.40339375241033554,0.40623072177668107,0.06112359550561798,0.12449438202247191,0.23775280898876405,0.36314606741573036,0.4701123595505618,0.5919101123595506,0.5779575835441669
107,BAG,"BaggingClassifier(base_estimator=None, bootstrap=True,
         bootstrap_features=False, max_features=1.0, max_samples=20,
         n_estimators=10, n_jobs=None, oob_score=False, random_state=None,
         verbose=0, warm_start=False)",June,"{'max_samples': 20, 'n_estimators': 10}",80726,9618,0.3018299022665835,0.3375,0.3590010405827263,0.3733749349973999,0.3681109185441941,0.36599948011437483,0.3508005822416303,0.05580434033758181,0.11884257664485015,0.24733034791594902,0.36582845332414743,0.48501550120564935,0.5811229762314847,0.5718115570484636
108,KNN,"KNeighborsClassifier(algorithm='auto', leaf_size=30, metric='minkowski',
           metric_params=None, n_jobs=None, n_neighbors=50, p=2,
           weights='uniform')",April,"{'metric': 'euclidean', 'n_neighbors': 5}",71211,5736,0.34309623430962344,0.8706293706293706,0.794066317626527,0.7332170880557978,0.6412790697674419,0.5924149956408021,0.546373779637378,0.12652439024390244,0.23119918699186992,0.4273373983739837,0.5604674796747967,0.6905487804878049,0.796239837398374,0.8110163356808727
109,KNN,"KNeighborsClassifier(algorithm='auto', leaf_size=30, metric='minkowski',
           metric_params=None, n_jobs=None, n_neighbors=50, p=2,
           weights='uniform')",May,"{'metric': 'euclidean', 'n_neighbors': 5}",74857,6484,0.3431523750771129,0.8672839506172839,0.7777777777777778,0.7175925925925926,0.6241645244215939,0.5861935981488623,0.5471930906847625,0.12629213483146068,0.22651685393258428,0.41797752808988764,0.5456179775280899,0.6831460674157304,0.7973033707865168,0.8038083002023474
110,KNN,"KNeighborsClassifier(algorithm='auto', leaf_size=30, metric='minkowski',
           metric_params=None, n_jobs=None, n_neighbors=50, p=2,
           weights='uniform')",June,"{'metric': 'euclidean', 'n_neighbors': 5}",80726,9618,0.3018299022665835,0.8604166666666667,0.72840790842872,0.656266250650026,0.5767764298093587,0.5378216792305692,0.4940736119775421,0.14226662073716845,0.24112986565621772,0.43472270065449536,0.5732001377884947,0.7127109886324492,0.8184636582845333,0.806720446586567
111,KNN,"KNeighborsClassifier(algorithm='auto', leaf_size=30, metric='minkowski',
           metric_params=None, n_jobs=None, n_neighbors=50, p=2,
           weights='uniform')",April,"{'metric': 'euclidean', 'n_neighbors': 50}",71211,5736,0.34309623430962344,0.5769230769230769,0.5846422338568935,0.5387968613775065,0.5133720930232558,0.488666085440279,0.46582984658298465,0.08384146341463415,0.17022357723577236,0.31402439024390244,0.4486788617886179,0.5696138211382114,0.6788617886178862,0.6862698613053009
112,KNN,"KNeighborsClassifier(algorithm='auto', leaf_size=30, metric='minkowski',
           metric_params=None, n_jobs=None, n_neighbors=50, p=2,
           weights='uniform')",May,"{'metric': 'euclidean', 'n_neighbors': 50}",74857,6484,0.3431523750771129,0.5740740740740741,0.566358024691358,0.5308641975308642,0.5017994858611825,0.4820671037408407,0.46144355336212217,0.08359550561797753,0.1649438202247191,0.3092134831460674,0.43865168539325844,0.5617977528089888,0.6723595505617977,0.6794590701515101
113,KNN,"KNeighborsClassifier(algorithm='auto', leaf_size=30, metric='minkowski',
           metric_params=None, n_jobs=None, n_neighbors=50, p=2,
           weights='uniform')",June,"{'metric': 'euclidean', 'n_neighbors': 50}",80726,9618,0.3018299022665835,0.5479166666666667,0.5494276795005203,0.4966198647945918,0.45753899480069327,0.43748375357421365,0.4163027656477438,0.09059593523940751,0.1818808129521185,0.3289700310024113,0.4547020323802963,0.5797450912848777,0.6896314157767827,0.6852195164116306
114,KNN,"KNeighborsClassifier(algorithm='auto', leaf_size=30, metric='minkowski',
           metric_params=None, n_jobs=None, n_neighbors=50, p=2,
           weights='uniform')",April,"{'metric': 'minkowski', 'n_neighbors': 5}",71211,5736,0.34309623430962344,0.8706293706293706,0.794066317626527,0.7332170880557978,0.6412790697674419,0.5924149956408021,0.546373779637378,0.12652439024390244,0.23119918699186992,0.4273373983739837,0.5604674796747967,0.6905487804878049,0.796239837398374,0.8110163356808727
115,KNN,"KNeighborsClassifier(algorithm='auto', leaf_size=30, metric='minkowski',
           metric_params=None, n_jobs=None, n_neighbors=50, p=2,
           weights='uniform')",May,"{'metric': 'minkowski', 'n_neighbors': 5}",74857,6484,0.3431523750771129,0.8672839506172839,0.7777777777777778,0.7175925925925926,0.6241645244215939,0.5861935981488623,0.5471930906847625,0.12629213483146068,0.22651685393258428,0.41797752808988764,0.5456179775280899,0.6831460674157304,0.7973033707865168,0.8038083002023474
116,KNN,"KNeighborsClassifier(algorithm='auto', leaf_size=30, metric='minkowski',
           metric_params=None, n_jobs=None, n_neighbors=50, p=2,
           weights='uniform')",June,"{'metric': 'minkowski', 'n_neighbors': 5}",80726,9618,0.3018299022665835,0.8604166666666667,0.72840790842872,0.656266250650026,0.5767764298093587,0.5378216792305692,0.4940736119775421,0.14226662073716845,0.24112986565621772,0.43472270065449536,0.5732001377884947,0.7127109886324492,0.8184636582845333,0.806720446586567
117,KNN,"KNeighborsClassifier(algorithm='auto', leaf_size=30, metric='minkowski',
           metric_params=None, n_jobs=None, n_neighbors=50, p=2,
           weights='uniform')",April,"{'metric': 'minkowski', 'n_neighbors': 50}",71211,5736,0.34309623430962344,0.5769230769230769,0.5846422338568935,0.5387968613775065,0.5133720930232558,0.488666085440279,0.46582984658298465,0.08384146341463415,0.17022357723577236,0.31402439024390244,0.4486788617886179,0.5696138211382114,0.6788617886178862,0.6862698613053009
118,KNN,"KNeighborsClassifier(algorithm='auto', leaf_size=30, metric='minkowski',
           metric_params=None, n_jobs=None, n_neighbors=50, p=2,
           weights='uniform')",May,"{'metric': 'minkowski', 'n_neighbors': 50}",74857,6484,0.3431523750771129,0.5740740740740741,0.566358024691358,0.5308641975308642,0.5017994858611825,0.4820671037408407,0.46144355336212217,0.08359550561797753,0.1649438202247191,0.3092134831460674,0.43865168539325844,0.5617977528089888,0.6723595505617977,0.6794590701515101
119,KNN,"KNeighborsClassifier(algorithm='auto', leaf_size=30, metric='minkowski',
           metric_params=None, n_jobs=None, n_neighbors=50, p=2,
           weights='uniform')",June,"{'metric': 'minkowski', 'n_neighbors': 50}",80726,9618,0.3018299022665835,0.5479166666666667,0.5494276795005203,0.4966198647945918,0.45753899480069327,0.43748375357421365,0.4163027656477438,0.09059593523940751,0.1818808129521185,0.3289700310024113,0.4547020323802963,0.5797450912848777,0.6896314157767827,0.6852195164116306
120,GB,"GradientBoostingClassifier(criterion='friedman_mse', init=None,
              learning_rate=0.1, loss='deviance', max_depth=10,
              max_features=None, max_leaf_nodes=None,
              min_impurity_decrease=0.0, min_impurity_split=None,
              min_samples_leaf=1, min_samples_split=2,
              min_weight_fraction_leaf=0.0, n_estimators=50,
              n_iter_no_change=None, presort='auto', random_state=None,
              subsample=1.0, tol=0.0001, validation_fraction=0.1,
              verbose=0, warm_start=False)",April,"{'max_depth': 5, 'n_estimators': 10}",71211,5736,0.34309623430962344,0.6748251748251748,0.6195462478184991,0.5571054925893636,0.5081395348837209,0.4838709677419355,0.46269177126917715,0.09806910569105691,0.18038617886178862,0.3246951219512195,0.44410569105691056,0.5640243902439024,0.6742886178861789,0.6865647196977542
121,GB,"GradientBoostingClassifier(criterion='friedman_mse', init=None,
              learning_rate=0.1, loss='deviance', max_depth=10,
              max_features=None, max_leaf_nodes=None,
              min_impurity_decrease=0.0, min_impurity_split=None,
              min_samples_leaf=1, min_samples_split=2,
              min_weight_fraction_leaf=0.0, n_estimators=50,
              n_iter_no_change=None, presort='auto', random_state=None,
              subsample=1.0, tol=0.0001, validation_fraction=0.1,
              verbose=0, warm_start=False)",May,"{'max_depth': 5, 'n_estimators': 10}",74857,6484,0.3431523750771129,0.6790123456790124,0.6203703703703703,0.5501543209876543,0.4987146529562982,0.4751253374469726,0.4574336829117828,0.09887640449438202,0.18067415730337077,0.3204494382022472,0.43595505617977526,0.5537078651685393,0.6665168539325843,0.6812265367984783
122,GB,"GradientBoostingClassifier(criterion='friedman_mse', init=None,
              learning_rate=0.1, loss='deviance', max_depth=10,
              max_features=None, max_leaf_nodes=None,
              min_impurity_decrease=0.0, min_impurity_split=None,
              min_samples_leaf=1, min_samples_split=2,
              min_weight_fraction_leaf=0.0, n_estimators=50,
              n_iter_no_change=None, presort='auto', random_state=None,
              subsample=1.0, tol=0.0001, validation_fraction=0.1,
              verbose=0, warm_start=False)",June,"{'max_depth': 5, 'n_estimators': 10}",80726,9618,0.3018299022665835,0.6291666666666667,0.5848074921956296,0.5091003640145606,0.47175043327556326,0.443462438263582,0.41443127469328345,0.10403031346882535,0.19359283499827765,0.337237340682053,0.4688253530830176,0.5876679297278677,0.6865311746469169,0.6915743053697756
123,GB,"GradientBoostingClassifier(criterion='friedman_mse', init=None,
              learning_rate=0.1, loss='deviance', max_depth=10,
              max_features=None, max_leaf_nodes=None,
              min_impurity_decrease=0.0, min_impurity_split=None,
              min_samples_leaf=1, min_samples_split=2,
              min_weight_fraction_leaf=0.0, n_estimators=50,
              n_iter_no_change=None, presort='auto', random_state=None,
              subsample=1.0, tol=0.0001, validation_fraction=0.1,
              verbose=0, warm_start=False)",April,"{'max_depth': 5, 'n_estimators': 50}",71211,5736,0.34309623430962344,0.7517482517482518,0.6527050610820244,0.5780296425457716,0.5331395348837209,0.506974716652136,0.47419804741980476,0.1092479674796748,0.19004065040650406,0.33689024390243905,0.4659552845528455,0.5909552845528455,0.6910569105691057,0.7085472792924585
124,GB,"GradientBoostingClassifier(criterion='friedman_mse', init=None,
              learning_rate=0.1, loss='deviance', max_depth=10,
              max_features=None, max_leaf_nodes=None,
              min_impurity_decrease=0.0, min_impurity_split=None,
              min_samples_leaf=1, min_samples_split=2,
              min_weight_fraction_leaf=0.0, n_estimators=50,
              n_iter_no_change=None, presort='auto', random_state=None,
              subsample=1.0, tol=0.0001, validation_fraction=0.1,
              verbose=0, warm_start=False)",May,"{'max_depth': 5, 'n_estimators': 50}",74857,6484,0.3431523750771129,0.7314814814814815,0.7037037037037037,0.6095679012345679,0.5573264781491003,0.5179328962591593,0.47624922887106724,0.10651685393258427,0.2049438202247191,0.3550561797752809,0.48719101123595504,0.6035955056179775,0.6939325842696629,0.7185617766474696
125,GB,"GradientBoostingClassifier(criterion='friedman_mse', init=None,
              learning_rate=0.1, loss='deviance', max_depth=10,
              max_features=None, max_leaf_nodes=None,
              min_impurity_decrease=0.0, min_impurity_split=None,
              min_samples_leaf=1, min_samples_split=2,
              min_weight_fraction_leaf=0.0, n_estimators=50,
              n_iter_no_change=None, presort='auto', random_state=None,
              subsample=1.0, tol=0.0001, validation_fraction=0.1,
              verbose=0, warm_start=False)",June,"{'max_depth': 5, 'n_estimators': 50}",80726,9618,0.3018299022665835,0.6854166666666667,0.631633714880333,0.5522620904836193,0.5147313691507799,0.4720561476475175,0.4335620711166563,0.11333103685842232,0.20909404064760592,0.36582845332414743,0.5115397864278333,0.6255597657595591,0.718222528418877,0.7237824172954826
126,GB,"GradientBoostingClassifier(criterion='friedman_mse', init=None,
              learning_rate=0.1, loss='deviance', max_depth=10,
              max_features=None, max_leaf_nodes=None,
              min_impurity_decrease=0.0, min_impurity_split=None,
              min_samples_leaf=1, min_samples_split=2,
              min_weight_fraction_leaf=0.0, n_estimators=50,
              n_iter_no_change=None, presort='auto', random_state=None,
              subsample=1.0, tol=0.0001, validation_fraction=0.1,
              verbose=0, warm_start=False)",April,"{'max_depth': 10, 'n_estimators': 10}",71211,5736,0.34309623430962344,0.8671328671328671,0.7818499127399651,0.6687009590235397,0.6017441860465116,0.5510026155187445,0.5132496513249651,0.12601626016260162,0.22764227642276422,0.38973577235772355,0.5259146341463414,0.6422764227642277,0.7479674796747967,0.767547479415877
127,GB,"GradientBoostingClassifier(criterion='friedman_mse', init=None,
              learning_rate=0.1, loss='deviance', max_depth=10,
              max_features=None, max_leaf_nodes=None,
              min_impurity_decrease=0.0, min_impurity_split=None,
              min_samples_leaf=1, min_samples_split=2,
              min_weight_fraction_leaf=0.0, n_estimators=50,
              n_iter_no_change=None, presort='auto', random_state=None,
              subsample=1.0, tol=0.0001, validation_fraction=0.1,
              verbose=0, warm_start=False)",May,"{'max_depth': 10, 'n_estimators': 10}",74857,6484,0.3431523750771129,0.9166666666666666,0.7962962962962963,0.6944444444444444,0.6200514138817481,0.5688391824141921,0.5293028994447871,0.13348314606741574,0.23191011235955056,0.4044943820224719,0.5420224719101123,0.6629213483146067,0.7712359550561798,0.7797227286038027
128,GB,"GradientBoostingClassifier(criterion='friedman_mse', init=None,
              learning_rate=0.1, loss='deviance', max_depth=10,
              max_features=None, max_leaf_nodes=None,
              min_impurity_decrease=0.0, min_impurity_split=None,
              min_samples_leaf=1, min_samples_split=2,
              min_weight_fraction_leaf=0.0, n_estimators=50,
              n_iter_no_change=None, presort='auto', random_state=None,
              subsample=1.0, tol=0.0001, validation_fraction=0.1,
              verbose=0, warm_start=False)",June,"{'max_depth': 10, 'n_estimators': 10}",80726,9618,0.3018299022665835,0.8229166666666666,0.736732570239334,0.641705668226729,0.574003466204506,0.524044710163764,0.47307132459970885,0.13606613847743712,0.24388563554943163,0.4250775060282466,0.5704443678952807,0.694454013089907,0.7836720633827076,0.7843394860222396
129,GB,"GradientBoostingClassifier(criterion='friedman_mse', init=None,
              learning_rate=0.1, loss='deviance', max_depth=10,
              max_features=None, max_leaf_nodes=None,
              min_impurity_decrease=0.0, min_impurity_split=None,
              min_samples_leaf=1, min_samples_split=2,
              min_weight_fraction_leaf=0.0, n_estimators=50,
              n_iter_no_change=None, presort='auto', random_state=None,
              subsample=1.0, tol=0.0001, validation_fraction=0.1,
              verbose=0, warm_start=False)",April,"{'max_depth': 10, 'n_estimators': 50}",71211,5736,0.34309623430962344,0.9790209790209791,0.9040139616055847,0.7776809067131648,0.6854651162790698,0.6142109851787271,0.5599721059972106,0.14227642276422764,0.2632113821138211,0.4532520325203252,0.5990853658536586,0.7159552845528455,0.8160569105691057,0.8334379800804377
130,GB,"GradientBoostingClassifier(criterion='friedman_mse', init=None,
              learning_rate=0.1, loss='deviance', max_depth=10,
              max_features=None, max_leaf_nodes=None,
              min_impurity_decrease=0.0, min_impurity_split=None,
              min_samples_leaf=1, min_samples_split=2,
              min_weight_fraction_leaf=0.0, n_estimators=50,
              n_iter_no_change=None, presort='auto', random_state=None,
              subsample=1.0, tol=0.0001, validation_fraction=0.1,
              verbose=0, warm_start=False)",May,"{'max_depth': 10, 'n_estimators': 50}",74857,6484,0.3431523750771129,0.9691358024691358,0.9182098765432098,0.8001543209876543,0.7012853470437018,0.6282298495950637,0.5687847008019741,0.14112359550561798,0.26741573033707866,0.46606741573033705,0.6130337078651685,0.7321348314606742,0.8287640449438203,0.8440017834011782
131,GB,"GradientBoostingClassifier(criterion='friedman_mse', init=None,
              learning_rate=0.1, loss='deviance', max_depth=10,
              max_features=None, max_leaf_nodes=None,
              min_impurity_decrease=0.0, min_impurity_split=None,
              min_samples_leaf=1, min_samples_split=2,
              min_weight_fraction_leaf=0.0, n_estimators=50,
              n_iter_no_change=None, presort='auto', random_state=None,
              subsample=1.0, tol=0.0001, validation_fraction=0.1,
              verbose=0, warm_start=False)",June,"{'max_depth': 10, 'n_estimators': 50}",80726,9618,0.3018299022665835,0.95625,0.8668054110301769,0.7472698907956318,0.6454072790294627,0.5783727579932415,0.5121646912039926,0.15811229762314846,0.2869445401308991,0.4950051670685498,0.6414054426455391,0.7664485015501206,0.8484326558732346,0.8466211680781095
